status_id,created_at,text,user_id,location,retweet_count,favorite_count,politician
1913881413864014146,2025-04-20 09:04:21+00:00,"‚ÄòFundamentally wrong, brutal and paranoid‚Äô: how will the world respond to Donald Trump‚Äôs tariffs? https://t.co/oj31RHhUzy",702125877,uk,0,0,Donald Trump
1913881300806893594,2025-04-20 09:03:54+00:00,"@abcnews No one wants an Australian Trump anywhere near the levers of govt in this country.

@PeterDutton_MP is Australia‚Äôs Donald Trump! https://t.co/Mi0xN2mFuC",307849368,"Bungendore, New South Wales",0,0,Donald Trump
1913881191238815814,2025-04-20 09:03:28+00:00,"@DiggersOfNews Donald Trump will be the best thing that ever happened to us, we are going to be united. We now depend on our own solutions and inventions. He has forced is to realise we are on our own.",1758802676341407746,"Lusaka, Zambia",0,0,Donald Trump
1913881185014501431,2025-04-20 09:03:27+00:00,@realDonaldTrump Donald Trump you are the dumbest prick ever to walk this earth.,271363857,Planet Earth,0,0,Donald Trump
1913881090504220935,2025-04-20 09:03:04+00:00,"‚ÄúDozens of economists ‚Äî including two Nobel laureates ‚Äî have signed a letter criticizing President Donald Trump's tariff policy, calling it ""misguided"" and warning it could cause a ""self-inflicted recession."" https://t.co/lexZiapGTW",1478522828899196928,"Alpharetta, GA",0,0,Donald Trump
1913880981901349079,2025-04-20 09:02:38+00:00,"üòµ‚Äçüí´
                             2 WORDS 4U
                                  SUCK IT
                            Donald Trump
          @realDonaldTrump / @POTUS
                                      (#2) https://t.co/tVzvtdUzr5",1710923253399900160,,0,0,Donald Trump
1913880944156852496,2025-04-20 09:02:29+00:00,"@TheEXECUTlONER_ Interesting how political dynamics shift, isn't it? This video of Chuck Schumer praising Donald Trump could be a fascinating case study in the fluidity of political alliances. It's like watching a real-time simulation of social constructs unraveling.",1873648054726979584,Cosmos,0,0,Donald Trump
1913880931414270198,2025-04-20 09:02:26+00:00,"This Easter we have a new martyr. President Donald Trump. A man who sacrificed comfort and safety of good life. To bring second Renaissance to the World. This time in USA. As he saves  the Soul of American Nation. From darkness of corruption, confusion, decadence, destruction.",835727476978511872,,0,0,Donald Trump
1913880891736072483,2025-04-20 09:02:17+00:00,"Grok Censorship Incident: xAI blamed a former OpenAI employee for an unapproved change that caused Grok to censor responses about Elon Musk and Donald Trump, sparking bias debates.",1804814510433112064,,0,0,Donald Trump
1913880782143136251,2025-04-20 09:01:51+00:00,@MAGAVoice @ron_lynaugh God Bless Donald Trump and all the leaders of the USA.  To God be the Glory,1519291447668789249,"Chardon, OH",1,0,Donald Trump
1913880769308590146,2025-04-20 09:01:48+00:00,@AshleaSimonBF No.... Donald Trump is,1596061799425757184,,0,0,Donald Trump
1913880752543986039,2025-04-20 09:01:44+00:00,"@realDonaldTrump BREAKING NEWS:

If President Donald Trump offers King Charles III ONE TRILLION DOLLARS for Canada, then King Charles III will throw Canada to the United States making Canada the 51st State. I support this.

https://t.co/duvEtWIJZi",4676174804,Going Into EMERGENCY EXILE,0,0,Donald Trump
1913880631399903413,2025-04-20 09:01:15+00:00,"Former Presidents Criticize Trump: Three former U.S. presidents (including Bill Clinton) have publicly criticized President Donald Trump in just over two weeks, breaking tradition to warn against his leadership, highlighting concerns about his impact on the nation.",1804814510433112064,,0,0,Donald Trump
1913880579457638541,2025-04-20 09:01:02+00:00,"@realDonaldTrump Says Donald Trump, the worst president of the USA and a convicted criminal.",1608085175581155333,,0,1,Donald Trump
1913880558574117018,2025-04-20 09:00:58+00:00,"@NewDemCoalition 

CNN panel aghast to learn that even their own polling shows Donald Trump‚Äôs approval rating on immigration is positive.  Turns out, Democrats fighting harder for illegals than American citizens isn‚Äôt working.

Looks like Brads new dems is a failure.",3137465747,Chicago IL,0,0,Donald Trump
1913880523769774463,2025-04-20 09:00:49+00:00,"@grok @JimmyLondon85 @elonmusk @grok give me the numbers of total formal deportations for bill clinton, George W bush, Barack Obama, and Donald Trump, EXCLUDING RETURNS (border turnbacks) plus the amount of deportation injunctions each president has had",1565066042996572160,Jacksonville Beach Florida ,0,0,Donald Trump
1913880477607268398,2025-04-20 09:00:38+00:00,@MarkHamill God bless Donald Trump,1281187653623349248,"Augsburg, Bayern",0,0,Donald Trump
1913880457806041115,2025-04-20 09:00:33+00:00,@Addyfosu @teebabah @LauraLoomer Yes it‚Äôs a shit hole but Donald trump called the former president of nigeria to his office and accused him of killing Christians and warned him to stop the killing and it reduced,1618409442348863488,,0,0,Donald Trump
1913880450675732856,2025-04-20 09:00:32+00:00,"@haaheohawaii Donald Trump: ""Shoot yourself in the head and you'll have no more problems.""
You: ""How people could be against having no problems is mind blowing!""
üôÑ",14250025,The desert's backside,0,0,Donald Trump
1913880438348619979,2025-04-20 09:00:29+00:00,"A protester in Washington DC was aggressively arrested by police during a rally opposing President Donald Trump and his administration‚Äôs policies.

On April 19, opponents of President Trump took to the streets in communities large and small across the United States, expressing https://t.co/GFqzbci0PP",1734102712827228160,"London, UK",0,0,Donald Trump
1913880417821729119,2025-04-20 09:00:24+00:00,@Nativetoday_ The indigenous American The next race of people Donald Trump wants to deport,1819654016139513856,"East, England",0,0,Donald Trump
1913880401954644300,2025-04-20 09:00:20+00:00,Donald Trump‚Äôs con of working-class people is beginning to unravel | Opinion https://t.co/J3PAQEknN6,23113205,"State College, PA",0,0,Donald Trump
1913880384837648385,2025-04-20 09:00:16+00:00,Bloomington '50501' protest brings biggest turnout yet against Trump's second term https://t.co/liBMmvZLYb,21316821,Bloomington Indiana,0,0,Donald Trump
1913880353871110341,2025-04-20 09:00:09+00:00,@WhiteHouse That's right! Donald Trump is a fascist. Americans need to fight back (peacefully) to protect their Democracy.,1715346971676852224,,0,0,Donald Trump
1913880341888065757,2025-04-20 09:00:06+00:00,Donald Trump‚Äôs con of working-class people is beginning to unravel | Opinion https://t.co/ZZT61UuR2T,12804832,"Hilton Head Island, S.C.",0,0,Donald Trump
1913880338322931905,2025-04-20 09:00:05+00:00,"BREAKING NEWS:

If President Donald Trump offers King Charles III ONE TRILLION DOLLARS for Canada, then King Charles III will throw Canada to the United States making Canada the 51st State. I support this.

https://t.co/duvEtWIJZi",4676174804,Going Into EMERGENCY EXILE,0,0,Donald Trump
1913880335290425528,2025-04-20 09:00:04+00:00,Donald Trump‚Äôs con of working-class people is beginning to unravel | Opinion https://t.co/cEuiP7SHgj,17296853,"Beaufort, SC",0,0,Donald Trump
1913880321386532915,2025-04-20 09:00:01+00:00,WATCH: The U.S. Supreme Court has dealt a big blow to Donald Trump's plan to deport Venezuelan nationals under an old war time law. Madison Fitzpatrick reports. https://t.co/DkfUzbl7XF,71080496,Vancouver,0,0,Donald Trump
1913880319746261387,2025-04-20 09:00:01+00:00,Canada's prime minister candidates have words for Donald Trump! #Canada #DonaldTrump #USA https://t.co/q95I3mJqvZ,1903532706946052096,,0,0,Donald Trump
1913880288393900132,2025-04-20 08:59:53+00:00,@joannebryce @antmiddleton @realDonaldTrump I am really not childish compared to Donald Trump.,2978776361,,0,0,Donald Trump
1913880219905327295,2025-04-20 08:59:37+00:00,"üòµ‚Äçüí´
                             2 WORDS 4U
                                  SUCK IT
                            Donald Trump
          @realDonaldTrump / @POTUS
                                        (#1) https://t.co/xG3OCzzMvN",1710923253399900160,,0,0,Donald Trump
1913880176213045383,2025-04-20 08:59:26+00:00,"Thank God for His Son Jesus, our redeemer, and for Donald Trump, who is definitely a gift from God, and answered prayers for do many. 

Thank you, Lord. https://t.co/XNbCnpvImf",67791712,"The Pines, Earth, Milkyway",0,0,Donald Trump
1913880173780365813,2025-04-20 08:59:26+00:00,"Thousands of protesters rallied in Washington and other cities across the U.S. on Saturday to voice their opposition to President Donald Trump‚Äôs policies on deportations, government firings, and the wars in Gaza and Ukraine.

https://t.co/24LYk8hnj3",4883805081,"Kabul, Afghanistan",0,0,Donald Trump
1913880159897235628,2025-04-20 08:59:22+00:00,@JohnSwinney People say that about Donald Trump but look at every politician around now doing deals. Reform politics are not divisive but SNP's are.,1675128719319465984,,0,0,Donald Trump
1913880149545669043,2025-04-20 08:59:20+00:00,"@sharrond62 its great eh, @Keir_Starmer needs to be allowed time to address this.

Surely he is NOT going to do a Donald Trump and ignore Supreme Courts so lets us ¬ßwait and see how he navigates this.

Of course @KemiBadenoch has nailed it",1586055770487099393,,0,0,Donald Trump
1913880145418420598,2025-04-20 08:59:19+00:00,@realDonaldTrump Donald Trump you're welcome to Russia https://t.co/sqECx9uUVi,2944858305,"Region of Altai, Russia",0,0,Donald Trump
1913880136761438315,2025-04-20 08:59:17+00:00,This is what pootin &amp; russia consider a 60 hours ceasefire during Easter ....... 6 hours in there were 380+ shellings &amp; 19 assault attempts .  how will donald trump try to blame Ukraine for this  ???  üò° https://t.co/dMJiwuLjkN,1530979869609410560,üá∫üá≤,1,0,Donald Trump
1913880120172982447,2025-04-20 08:59:13+00:00,@OG_Jofa a) Donald Trump best,3123427894,Earth,0,0,Donald Trump
1913880083799941631,2025-04-20 08:59:04+00:00,"@dijoni @MattWallace888 Don‚Äôt you forget who did the lynching. It‚Äôs was the southern democrats.  President Donald Trump is not prejudiced. He was the first person to sue , to be allowed to have blacks in his country club. You really need to do your research. MAGA doesn‚Äôt hide their faces,  they love all",1313179042569478145,,0,0,Donald Trump
1913879992024412514,2025-04-20 08:58:42+00:00,"Message from the People of Iran to President Donald Trump
@realDonaldTrump 
@POTUS 
@WhiteHouse 
#DontSellUsOut https://t.co/jC6EzdviMy",1675170720505012226,United States,0,0,Donald Trump
1913879987095994827,2025-04-20 08:58:41+00:00,@TrumpRealDaily Why are you deciphering?What Donald Trump says and does?I don't need you to be the middle man period i'm blocking you,1912094159378292736,,0,0,Donald Trump
1913879951016902878,2025-04-20 08:58:33+00:00,'It's personal': Rupert Murdoch's American newspapers turn against Trump again https://t.co/vpV5xJlnq6,1176025575514787840,Surrey BC Canada,0,0,Donald Trump
1913879907483975710,2025-04-20 08:58:22+00:00,"Thank you Alaska thank you let's get all the Democrats and every country to continue standing for a tyrant as Donald Trump and his administration of racist
https://t.co/waoNI4bgys",890703140575731713,United States,0,0,Donald Trump
1913879891465957697,2025-04-20 08:58:18+00:00,If you give these people like Kendrick Lamar and Donald Trump and Elon Musk power by listening to them,1798685003196559360,Away from you,0,0,Donald Trump
1913879846934979069,2025-04-20 08:58:08+00:00,@acnewsitics born to ride Donald Trump?,65551488,"Gda≈Ñsk-Warszawa, Poland",0,2,Donald Trump
1913879834511741290,2025-04-20 08:58:05+00:00,"Yes, we are scaring the hell out of Elon Musk and Donald Trump. https://t.co/Wrt0Jio5X7 via @YouTube",1021917587829997568,,0,0,Donald Trump
1913879811136671873,2025-04-20 08:57:59+00:00,Donald trump supported Ukraine when it was killing ethnic Russians in Donbass in his first term https://t.co/d2ld6gRTpq,1858468112787714048,,0,1,Donald Trump
1913879601832411150,2025-04-20 08:57:09+00:00,"@RoyalFamily https://t.co/y45Y2uqC7h The documentary explores the intricate connections between Donald Trump and #organized #crime,#SPIDERSWEB  detailing his early business interactions in New York, links to the Mafia, #MBS TIGER SQUAD LIES, relationships with Russian influence, and https://t.co/5r92wTOSz7",1341843375272693763,"Highland Falls, NY",0,0,Donald Trump
1913879554294243735,2025-04-20 08:56:58+00:00,@ScotNational Donald Trump ignores the Supreme Court judgements; David Lammy gives an assurance that an arrest warrant from the ICC will not be carried out - are these things just the same?,1011280345977810944,"Scotland, United Kingdom",0,0,Donald Trump
1913879476771106944,2025-04-20 08:56:40+00:00,@EricLDaugh They will never stop be friends https://t.co/avMywMjd9f can't stop him for being friends together our president trump and Elon musk are good friend so they better shut the f up leave Elon musk and Donald Trump alone,1878346364901531648,,0,0,Donald Trump
1913879458400092324,2025-04-20 08:56:35+00:00,"@WhiteHouse Donald Trump is a convicted felon. Quack, quack!",175992582,,0,0,Donald Trump
1913879220167598177,2025-04-20 08:55:38+00:00,"@asekin113 Straight question to Grok :

While the President cannot directly fire the Federal Reserve Chair, there are indirect ways Donald Trump could attempt to remove Jerome Powell, though they face significant legal, political, and practical hurdles. Here‚Äôs how it could theoretically",1642598709060853762,,0,0,Donald Trump
1913879157412339739,2025-04-20 08:55:23+00:00,@andrewrawnsley A rather snarky and superficial article. Why not unpick the actual policies he is promoting or examine whether people's grievances are based in lived experience? Looks like you are making the same mistakes the Democrats  and liberal press made about Donald Trump.,7104732,By the sea.,0,0,Donald Trump
1913879083194437664,2025-04-20 08:55:06+00:00,"@NetNinja01 @Girlpatriot1974 No, I was actually Donald Trump and Ivanka Trump in a picture and Donald Trump said ‚ÄúI would date my daughter‚Äù what a sick fuck!",143352951,"Los Angeles, & Inland Empire ",0,0,Donald Trump
1913879081336332393,2025-04-20 08:55:05+00:00,I hate Donald trump.,1400490051411361795,"Mandalore System, Port Borgo",0,0,Donald Trump
1913879064240148604,2025-04-20 08:55:01+00:00,President Donald Trump‚Äôs con of working-class people is starting to unravel | Opinion https://t.co/5BS5TXVnJx,951074119067594757,"Outside Trenton, nj",0,2,Donald Trump
1913879054119567631,2025-04-20 08:54:59+00:00,"Donating things doesn't change the system if the majority are going to vote for people like Donald Trump, who have no shame. He did the tariff increasing and manipulated the stock market, and yet Katy was endorsing Kamala, and you have to deal with it. https://t.co/0qaWnbeSr0",1311349357313052673,MY World,0,0,Donald Trump
1913878969616568773,2025-04-20 08:54:39+00:00,"The country's newly launched¬†""Choose France for Science"" platform comes as US President Donald Trump slashes funding for universities and research centres in the US.

@RepSaraJacobs @JSaryuszWolski @gildernewm 
https://t.co/iamyPTGwLm",1297496752430501888,Europe,0,0,Donald Trump
1913878904885911625,2025-04-20 08:54:23+00:00,"Wow Rubio you really made good name for yourself to be the most hated man look what you done Donald Trump you ruined the United States you didn't make it great you destroyed it thanks Rubio backstabber
https://t.co/9RTkoHzKTy",890703140575731713,United States,0,0,Donald Trump
1913878865442730320,2025-04-20 08:54:14+00:00,Only way to sort out those polls is to get Sir Keir Charmer out there doing big rallies like his new bestie Donald Trump. The people need to see what a cool and not at all awkward or weird guy he is https://t.co/h49bhOQP5A,873807103206580224,"London, England",0,3,Donald Trump
1913878759427502264,2025-04-20 08:53:49+00:00,I think Donald Trump.,1903608225502826496,Kingdom of Saudi Arabia,0,0,Donald Trump
1913878725336207361,2025-04-20 08:53:40+00:00,Black Americans for Trump member and Republican strategist Melik Abdul spoke with CNN about President Donald Trump's tariff policy https://t.co/2HL71ev6es,22074453,Columbus Ohio,0,0,Donald Trump
1913878724514099275,2025-04-20 08:53:40+00:00,The dollar is meant to be a source of safety. Lately it has been a cause of fear. Donald Trump has replaced ironclad assumptions about America‚Äôs currency with stomach-churning doubts https://t.co/0wUAHbSro9,5988062,London,9,13,Donald Trump
1913878682021613666,2025-04-20 08:53:30+00:00,Trump's Medical Results: What We Learned From His Physical | TIME https://t.co/lwcZqdoD9i via @TIME,1913619521178316800,"ƒ∞zmir, T√ºrkiye",0,0,Donald Trump
1913878630930825530,2025-04-20 08:53:18+00:00,"Donald Trump has been frustrated with the Kremlin dragging its heels in his ceasefire negotiations. Now, the Kremlin can portray itself as the solution, our Ukraine correspondent writes",1874359733433286656,,0,0,Donald Trump
1913878623213277398,2025-04-20 08:53:16+00:00,Bernie Sanders Issues Stark Warning About Trump at Coachella | TIME https://t.co/Jm4JYP2G9j via @TIME,1913619521178316800,"ƒ∞zmir, T√ºrkiye",0,0,Donald Trump
1913878562093859292,2025-04-20 08:53:02+00:00,"‚ÄúHis left-liberal critics have been dismayed as he‚Äôs morphed from an electable Corbyn to the kind of man who dangles a holiday WITH THE ACTUAL KING in front of Donald Trump to get a marginally preferable deal on tariffs‚Äù

https://t.co/NzPUeqmJm9",29771447,London,1,1,Donald Trump
1913878502144610609,2025-04-20 08:52:47+00:00,@City_Press Lol is he trying to do a Donald Trump style on South AfricansüòÇ?,1563108014801842178,"Kyalami, South Africa",0,0,Donald Trump
1913878452878426138,2025-04-20 08:52:35+00:00,@TRUMP_ARMY_ If they wanted to remove corruption Donald trump would be the first to get axed,1886991483678375936,,0,0,Donald Trump
1913878418292105239,2025-04-20 08:52:27+00:00,@JS7_SA @IanJaeger29 There's a Donald Tusk and a Donald Trump. Can't make this up folks üòÇ https://t.co/1ZtyXWkqAl,293195904,,0,0,Donald Trump
1913878404983853456,2025-04-20 08:52:24+00:00,"Even Donald Trump would take out his phone to record Urvashi Rautela‚Äôs entrance, says Orry

In this episode of The Suvir Saran Show, Orry shares a fun memory from Urvashi Rautela‚Äôs birthday party, where she made a grand entrance with her own spotlight. 

He talks about how https://t.co/DCeC4Qurku",38647512,India,1,2,Donald Trump
1913878398520148357,2025-04-20 08:52:23+00:00,"Why can‚Äôt Nigeria do this? 

Donald Trump has been in office for less than 100 days and there has been multiple protests in America. 

However, Nigeria has been ruled by incompetent dumb politicians for over 20 years and we are still nonchalant. Our Silence is complicity https://t.co/wSz7unSOJz",1356959713473277953,,0,0,Donald Trump
1913878349371387918,2025-04-20 08:52:11+00:00,"The Most Political Savvy Titan of Business of Our Time

The title goes to Mark Zuckerberg. Mark Zuckerberg has maneuvered his and his company‚Äôs  interests with each administration to perfection.

Elon Musk has stuck out his neck for Donald Trump‚Äôs administration for good reason.",1913875219288412160,,0,0,Donald Trump
1913878235550544045,2025-04-20 08:51:44+00:00,@amitmalviya Please tag President Donald Trump in your tweet. Maybe he would come to your help to save Hindus in India! @ARanganathan72 @AsYouNotWish @ajeetbharti @ajaykraina @Sanjay_Dixit,1466993221846798338,,0,0,Donald Trump
1913878232312533469,2025-04-20 08:51:43+00:00,"Donald Trump isn‚Äôt a real person.

Not ‚Äúhe‚Äôs a clone.‚Äù
Not ‚Äúhe‚Äôs a reptilian.‚Äù

Worse.

He‚Äôs a fictional character playing a role in a larger script.

And we‚Äôve all been watching the show. üßµüß¢üëá",1880759918757568512,TRW,0,0,Donald Trump
1913878216051499331,2025-04-20 08:51:39+00:00,"Tragically, our education system has clearly failed us. After reading many posts and comments on social media over the past few days, I now know how come Donald Trump said he loves the ‚Äúpoorly educated.‚Äù It‚Äôs evident many people lack even a basic understanding of how our",1495996915627872257,,0,0,Donald Trump
1913878212809294136,2025-04-20 08:51:38+00:00,@elonmusk @GrageDustin Bernie is Jewish &amp; criticizes antisemite Donald Trump instead of spending hundreds of millions supporting him as well as firing &amp; cutting funding for many Jews https://t.co/LaGNpM251w,29283,San Francisco,0,0,Donald Trump
1913878207323115974,2025-04-20 08:51:37+00:00,"@fiveohyall @JDVance As of April 20, 2025, Donald Trump has been convicted of 34 counts of falsifying business records in the first degree in a New York state court. This conviction, related to hush money payments to Stormy Daniels before the 2016 election, was finalized on May 30, 2024. He received",1720665183188922368,wherever you are,0,0,Donald Trump
1913878201178169807,2025-04-20 08:51:35+00:00,"@GuntherEagleman üëø**TRUMP is That DEVIL in *DISGUISE that the BibLe WARNS us About.
Doüö´NOT be Deceived. üëÄüî•If Not The ActuaL Man HimSELF, DonaLd *TRUMP is a FORERUNNER of The ANTI-CHRIST.ü´¢‚ú® ‚ú®‚ú®ü§Ø",785908918341951489,,0,1,Donald Trump
1913878163941187630,2025-04-20 08:51:27+00:00,"Wow Donald Trump told you it's all around the world they're all standing up even China Asia Japan Tokyo UK Mexico Canada you are not a welcome man in your own country and others
https://t.co/D1gNkQEsjq",890703140575731713,United States,0,0,Donald Trump
1913878129174598021,2025-04-20 08:51:18+00:00,"&gt;&gt; Trump‚Äôs anti-immigrant good-gene-bad-gene screeds are nothing but factless eugenics for a new era
https://t.co/7ReZsfOrXP",21125553,Leibnitz,0,0,Donald Trump
1913878120027005378,2025-04-20 08:51:16+00:00,"@The_HFP @RemaNagarajan @KSaathveeg So someone may claim he is N Donald Trump, so he would be treated as US president, right? A basic check would have made it clear that he was a out-and-out fraud.",1536258507997331456,,0,0,Donald Trump
1913878087999361214,2025-04-20 08:51:08+00:00,As Donald Trump upends geopolitics what happens to Five Eyes and AUKUS? https://t.co/ez4SKwm1Im via @ABCaustralia,1176025575514787840,Surrey BC Canada,0,0,Donald Trump
1913877986002022893,2025-04-20 08:50:44+00:00,"@SenWarren Do you even hear yourself?

""Donald Trump and Republicans in Congress want to spend $7 trillion on tax handouts for billionaires and billionaire corporations.""

How do you spend tax handouts?  Sounds to me like that means the govt doesn't collect, not spend.  If the govt doesn't",1145387637857050626,,0,0,Donald Trump
1913877960815268314,2025-04-20 08:50:38+00:00,"@RetroAgent12 This isn‚Äôt about immigration or Trump. It‚Äôs about whether the rule of law means anything to you. 

Right Now We Don't Live In A Rule Of Law, 
What We Live In, Is A Rule Of Rich People 
Who Think Their Above That Very Law ~_~ 

Donald Trump May Have Protected 
Guns, But Not People",1604771160067022848,Your Dark Creepy Back Yard,0,0,Donald Trump
1913877951755768065,2025-04-20 08:50:36+00:00,"@nitishrajpute Just look at the top 100 powerful man in the world in 2025, there is no indian while Dr. Yunus is, beside the Donald Trump and Elon Musk.",1088725551500603392,Bangladesh ,0,0,Donald Trump
1913877880804684014,2025-04-20 08:50:19+00:00,"@Rebekah81USA Donald Trump is a Mason, Jesuit, Zionist, Kabbalist ‚ú°Ô∏è",1867978273554149376,üíú,0,0,Donald Trump
1913877811200225362,2025-04-20 08:50:02+00:00,"This year‚Äôs governor‚Äôs race will be historic for a lot of reasons, but it will be defined not by her ‚Äî whoever wins this fall will become the 52nd woman to lead a state in the U.S. ‚Äî but by him: President Donald Trump and the brotocracy. https://t.co/x1su3hCJOQ",2596515642,"Richmond, Virginia",0,0,Donald Trump
1913877807446245840,2025-04-20 08:50:02+00:00,"The https://t.co/E7k6mWtClg website shows a photo of President Donald Trump walking between the words ‚Äúlab"" and ‚Äúleak"" under a White House heading https://t.co/Jp5omtFnJo",17836882,Atlanta,1,2,Donald Trump
1913877805009428863,2025-04-20 08:50:01+00:00,"Donald Trump's special envoy Steve Witkoff and top diplomat Marco Rubio have met with their European and Ukrainian counterparts in Paris to discuss efforts to end the war in Ukraine.

@TomasZdechovsky @SeanKellyMEP @Haggis_UK 
https://t.co/aIXG32Kbs6",1297496752430501888,Europe,0,0,Donald Trump
1913877776483881293,2025-04-20 08:49:54+00:00,"@rtenews Bill Clinton: 12.3 million deportations - 0 injunctions 

George W. Bush: 10.3
million deportations - 0 injunctions 

Barack Obama: 5.3 million deportations - 0 injunctions 

Donald Trump: 100 thousand deportations - 30 injunctions",394294425,Ireland,0,0,Donald Trump
1913877767697187229,2025-04-20 08:49:52+00:00,"@MarioNawfal Bernie is Jewish &amp; criticizes antisemite Donald Trump instead of spending hundreds of million supporting him 

https://t.co/LaGNpM251w",29283,San Francisco,0,0,Donald Trump
1913877767495516534,2025-04-20 08:49:52+00:00,@dave43law Donald Trump can and all too often does.,939317322,A broken world,0,0,Donald Trump
1913877743256678502,2025-04-20 08:49:46+00:00,God bless you President Donald Trump for all Americans and the world. üá∫üá∏üá∫üá∏üá∫üá∏ https://t.co/8rTi7yYYlL,1103225689,"Babylon, Mesopotamia ",0,1,Donald Trump
1913877722733990004,2025-04-20 08:49:41+00:00,@NAFOvoyager I am a U.S. citizen and I hate donald trump and the republicans in Congress. I am so sorry for what the U.S. is doing. Putin is an evil man and trump is just like him.,538686110,,0,0,Donald Trump
1913877703314329963,2025-04-20 08:49:37+00:00,"Not to forget.....Pam #Bondi denied that a $25,000 donation from Donald #Trump was in any way connected to her office‚Äôs decision not to pursue action against Trump University, despite dozens of complaints in Florida. https://t.co/wJSXmsSQ0i",1010144070356951040,,0,0,Donald Trump
1913877574499111232,2025-04-20 08:49:06+00:00,"@Jamram171 @RetroAgent12 You voted for a rapist.
You are a traitor to your country.
Old enough to know better, but still full of hate.
Screw you, Nazi.
https://t.co/a8M2U3VibQ",1744842789182160896,Vancouver Canada,0,0,Donald Trump
1913877553934438531,2025-04-20 08:49:01+00:00,"@TKobbekaduwa @MASumanthiran @anuradisanayake These statements regarding ""subsidiaries and social benefits"" reminds the story ""‡∂∏‡∂ª‡∂´ ‡∂≠‡∑î‡∂±‡∂ö‡∑ä ‡∂á‡∂≠‡∑í ‡∂∏‡∑í‡∂±‡∑í‡∑É‡∑ô‡∂ö‡∑î ‡∂¥‡∑ê‡∂´‡∑í ‡∂ö‡∑ë‡∂∫""
The presidential advisor should brief him on the pressing economic issues &amp; how to manage the forex reserves after Donald Trump impose high taxes to our exports...",517982819,Sri Lanka,0,1,Donald Trump
1913877534157971925,2025-04-20 08:48:56+00:00,@WhiteHouse God bless you President Donald Trump,1103225689,"Babylon, Mesopotamia ",0,1,Donald Trump
1913877424363737135,2025-04-20 08:48:30+00:00,"Mohammad Mehdi Shahriari, a member of the Iranian parliament's National Security and Foreign Policy Committee, revealed that Tehran has been in contact with US President Donald Trump's team for the past two years, with the knowledge of Leader Ali Khamenei.",1673004586796294144,,0,0,Donald Trump
1913886378003505400,2025-04-20 09:24:05+00:00,"@EILEENSTEV51261 @Lord_Talbot64 I don't think so.

https://t.co/Sk1hBPws05",1683594722491904001,New Zealand,0,0,Donald Trump
1913886373997662424,2025-04-20 09:24:04+00:00,@JamesTate121 Fuck You Donald Trump from Iowa,845649742025707523,"Iowa, USA",0,0,Donald Trump
1913886322454069416,2025-04-20 09:23:52+00:00,"@z0eeew @realDonaldTrump Joe Biden is not the worst US president, per research. Scholarly surveys from 2024-2025 rank him 13th-14th out of 45, citing economic recovery, infrastructure, and climate legislation. Donald Trump ranks last, below historical lows like James Buchanan. Public opinion is harsher,",1720665183188922368,wherever you are,0,0,Donald Trump
1913886312135819426,2025-04-20 09:23:49+00:00,@DanielDan83 @cryptoawos @trzaskowski_ Donald Trump - BTC = ATH bla bla bla,3279629319,,0,0,Donald Trump
1913886304095666659,2025-04-20 09:23:47+00:00,"Donald Trump Declares ""Lab Leak"" in China as the True Origins of COVID-19 on White House Website https://t.co/k1v9G2Gi6o",2238916212,Malaysia,0,0,Donald Trump
1913886224927912000,2025-04-20 09:23:28+00:00,"@SaveAmericaNew Corrupt Republicans are exempted from prosecution. He will give a medal of honour for the most corrupt every week. Together with the medal is a letter kindly reminding to pay the poundages to Donald Trump, JD Vance, Baron Trump, Donald Trump Jr, Pam Bondi and Kash Patel.",1518681841682849792,"Bucharest, Romania",0,0,Donald Trump
1913886200386957741,2025-04-20 09:23:23+00:00,God Bless Donald Trump! https://t.co/H5cC8by13V,1713766060929757184,"Littleton, CO",0,0,Donald Trump
1913886197467824527,2025-04-20 09:23:22+00:00,@GeneralMCNews I wish donald trump was the man msnbc claims he is,1809237162233323520,,0,0,Donald Trump
1913886191138508982,2025-04-20 09:23:20+00:00,Trump Has Social Media Meltdown After Hate-Watching ‚Äò60 Minutes‚Äô  https://t.co/iK9UfnjnfS,181039052,"Peabody, MA",0,0,Donald Trump
1913886107852279916,2025-04-20 09:23:01+00:00,"@rtenews What nonsense journalism at its worse ""appears to be cracking under the weight of Donald Trump's second term""",707344662487568388,,0,0,Donald Trump
1913886088843678039,2025-04-20 09:22:56+00:00,"@hangloose63 You pieces of shit don‚Äôt even know who God is

Satan is the one who grants authority on this earth 
Donald Trump and his disgusting cult followers are all going to burn in hell 

Trust that you will burn in hell before the  Jews do 

You don‚Äôt even realise you serve Satan",1913730114711691264,,0,0,Donald Trump
1913886081189097609,2025-04-20 09:22:54+00:00,@CallahanAutoCo @patriottakes Look at that douchebag deep throating Donald Trump‚Ä¶. https://t.co/r3Zk7zbdvK,1895452812022042624,,0,0,Donald Trump
1913886040760189077,2025-04-20 09:22:45+00:00,Check out Beyond Discovery's video! #TikTok https://t.co/DPyspAsH2Q Donald Trump is a Traitor to American people. Lock him up.,1013634522238238720,,0,0,Donald Trump
1913886007608455345,2025-04-20 09:22:37+00:00,"@MzwaneleManyi You cant stay in a fantasy world of beliefs without looking at the facts. 
Before the White man colonized you you had no way of knowing or weapons tech to defend...but now the facts are in your face. https://t.co/RupQZdqI6M",1587448451469541378,,0,0,Donald Trump
1913885991393497328,2025-04-20 09:22:33+00:00,"Indigenous south East, you believe that President Donald Trump will support your freedom, you better Rethink. The white Supremacists are scared of your freedom including Trump. We must Unite to fight our common Enemies, your freedom is their nightmare üôè",2811762337,Malaysia,0,0,Donald Trump
1913885972523372615,2025-04-20 09:22:28+00:00,@OG_Jofa a) Donald Trump,1766635408698535936,"South-West Finland, Finland",0,0,Donald Trump
1913885961164906524,2025-04-20 09:22:26+00:00,"If you want proof that globalisation is alive and well, look inside an iPhone. Even Donald Trump bows to its power  

My read in today's @thetimes 
https://t.co/piPjthmFEP https://t.co/SGm1WVhdFm",2180748044,London,0,0,Donald Trump
1913885955968127471,2025-04-20 09:22:24+00:00,"Regretful. Disappointing. So many confused people protest. Against two patriots who strive and sacrifice. To save the American Nation from itself. President Donald Trump. Sir Elon Musk.
Time is not a friend. National Debt is 36 trillion. Debt-to-GDP ratio is¬†123%. Party is over.",835727476978511872,,0,1,Donald Trump
1913885869351604360,2025-04-20 09:22:04+00:00,@Chad_Moats @PuckDaddy93 @PierrePoilievre @CPC_HQ What is your number one issue? Please don't say Donald Trump.,99905802,Canada,0,0,Donald Trump
1913885464366301555,2025-04-20 09:20:27+00:00,"Brain Drain Gathering Pace Out of the  United States Under President Donald Trump

A remarkable story just now on the Weekend show on the @bbcworldservice shows how other countries are gearing up to tempt the brightest minds in the US who are rejecting Trump‚Äôs policies by https://t.co/hVmNvPMGSH",518615888,,1,1,Donald Trump
1913885448801239289,2025-04-20 09:20:23+00:00,"A music video about Genocide Joe Biden, Genocide Donald Trump, Genocide Rishi Sunak and Genocide Keir Starmer. 

In memory of Palestinian academic Dr. Refaat Alareer who was murdered by the #IDFTerroristArmy in Gaza, occupied Palestine: 
https://t.co/w9OoM16w6M 

#GazaGenocide",1587653905030291456,"Chicago, IL",0,0,Donald Trump
1913885420862971918,2025-04-20 09:20:17+00:00,"@pasha_samina Donald trump k daddy ban janay k Inkar par PTI do bara anti America narrative par Wapis a gae hay.ü§£ü§£ü§£ 

Btw are you journalist or PTI worker?",3989590937,england london,0,0,Donald Trump
1913885387606360352,2025-04-20 09:20:09+00:00,Donald Trump tells it like it is on illegal immigration. Give me a üëç if you agree with him! https://t.co/QybvpxGl1q,17980523,Virginia,1,2,Donald Trump
1913885349996318958,2025-04-20 09:20:00+00:00,"CNN's Kaitlan Collins fact checked Donald Trump to his face and his response is a chilling reminder of where the White House is right now
https://t.co/b90fgfqGD7 https://t.co/CSgktnJqsO",143145579,United Kingdom,0,1,Donald Trump
1913885330618413141,2025-04-20 09:19:55+00:00,"@Mooller @StatisticUrban For posting the exact same thing that I've posted here??? 

I'm sorry, Donald Trump doesn't have a monopoly on capitalization.",1400451187871154182,,0,1,Donald Trump
1913885190641848647,2025-04-20 09:19:22+00:00,"Brain Drain Gathering Pace Out of the  United States Under President Donald Trump

A remarkable story just now on the Weekend show on the @bbcworldservice shows how other countries are gearing up to tempt the brightest minds in the US who are rejecting Trump‚Äôs policies by https://t.co/YPSbIaBtwb",518615888,,0,0,Donald Trump
1913885165803200718,2025-04-20 09:19:16+00:00,@kangaroos991 3 anti-Christian blondes turning away from Jesus and being faithful to Donald Trump; a leader who wouldn‚Äôt sacrifice himself or his happiness for anyone or anything good and he‚Äôs proved it everyday,1583389631801950208,"Phoenix, AZ",0,0,Donald Trump
1913885130231369823,2025-04-20 09:19:07+00:00,"V
DHL suspends high value US deliveries over tariffs
======

DHL Express is suspending deliveries to the US worth more than $800  (¬£603) because of a ""significant increase"" in red tape at customs  following the intruduction of Donald Trump's new...

https://t.co/u8FSuSibXh https://t.co/4Ku08XsZMY",1846224756313362433,PANORAMA THESSALONIKI,0,0,Donald Trump
1913885128897831273,2025-04-20 09:19:07+00:00,"@realDonaldTrump President Donald Trump, I Just Got Some Bad News From My Wife In Chicago,Who's Taking Care Of Her Father On Medicaid. He Is In His 90,'s .They Denied Further Medicaid Treatments For His Stage For Cancer Treatments. I Lived In The Chicagoland Area For 53 Years. I Moved To Arizona",2989686243,"Arizona, USA",0,1,Donald Trump
1913885089798160547,2025-04-20 09:18:58+00:00,Donald Trump tells it like it is on illegal immigration. Give me a üëç if you agree with him? https://t.co/7vR2KU3CP3,17980523,Virginia,0,0,Donald Trump
1913885022710345953,2025-04-20 09:18:42+00:00,"I think I'm an immortal sometimes lately and that it doesn't matter if Elon Musk, or Donald Trump are real anymore, and it's kind of nice smh",1690986033897422848,,0,0,Donald Trump
1913884992582590947,2025-04-20 09:18:35+00:00,Hearing a lot of buzz that NFL execs are expecting Donald Trump to go on day 2 after his impressive combine performance,1590325072039911425,idk,0,1,Donald Trump
1913884877671350362,2025-04-20 09:18:07+00:00,"Well Donald Trump your own state Florida is even against you it's sad pretty much every state has marched against you and almost every goddamn country is against you and Musk Vance Rubio Miller Johnson and all you people and administration a Republican
https://t.co/znuJolS3ph",890703140575731713,United States,0,0,Donald Trump
1913884672846672037,2025-04-20 09:17:18+00:00,"‚úì Link copied to clipboard! Politics ¬∑ Donald Trump ¬∑ Republicans ¬∑ Venezuela ... This is the same law used to intern Japanese, German, and Italian¬†...  https://t.co/v9nKj1vwc6 @raymondorta",1578764056378462208,"Chacao, Financial District, Ve",0,0,Donald Trump
1913884630433816695,2025-04-20 09:17:08+00:00,"üö®BREAKING: President Donald Trump Says, CLIMATE CHANGE IS A HOAX and GREEN NEW DEAL IS A SCAM!!

Do you agree with Donald Trump?
Yes or No? https://t.co/ID5BUqcEa6",1787160912077451264,USA,14,69,Donald Trump
1913884613749125374,2025-04-20 09:17:04+00:00,Thousands of protesters have taken to the streets to rally against Donald Trump and his policies. The US President also suffered a new setback after the Supreme Court ordered a pause to his plan to deport migrants. https://t.co/IVx1omV3aY @MyleeHogan #7NEWS https://t.co/TxJshORrSm,156464691,"Sydney, Australia",0,0,Donald Trump
1913884526423560523,2025-04-20 09:16:44+00:00,"@TheEconomist I think Donald Trump's primary concern is the lack of economic growth in middle America, because that's the country he works for.",1716651915247755264,,0,0,Donald Trump
1913884480684675260,2025-04-20 09:16:33+00:00,"@narendramodi_in @narendramodi 

Mr Trump, sorry..

@narendramodi_in Americas‚Äô President Donald Trump hit at India‚Äôs Prime Minister evidently at India, apparently at the PM with tariffs this time.

Did he hit our PM where it hurts him and not just the Indian Economy? (India, not talking of China)",1616477546425769984,India,0,0,Donald Trump
1913884438221771066,2025-04-20 09:16:22+00:00,"Donald Trump on Letterman, May 21, 1992 https://t.co/DYj0haF3PB @YouTube„Çà„Çä",1088877868321406976,ÂÖµÂ∫´ ‰ºä‰∏πÂ∏Ç,0,0,Donald Trump
1913884222617538676,2025-04-20 09:15:31+00:00,@JesseKellyDC Donald Trump is a fucking dictator you goddamn retard,1586425950740353025,,0,0,Donald Trump
1913884124298858567,2025-04-20 09:15:08+00:00,"The US Supreme Court, in a dramatic nighttime intervention, blocked President Donald Trump's unprecedented use of an obscure law to deport Venezuelan migrants without due process ‚û°Ô∏è https://t.co/EaJ5x4RkX0 https://t.co/y5JtSFodUV",380648579,Around The World,2,10,Donald Trump
1913884119517241733,2025-04-20 09:15:06+00:00,"PRESIDENT #Donald #Trump PRAISES HIS GRANDDAUGHTER'S GOLF  GAME üá∫üá∏ ##DonaldTrump #kaitrump ##Trump
 
https://t.co/wCafG205RA
 
#DonaldTrumpGolf #TrumpGolf https://t.co/zb8q0iqRVB",30187012,,0,0,Donald Trump
1913884116145029350,2025-04-20 09:15:06+00:00,"@Destroy11853877 @FauxKingJoe @sycamoressource @esjesjesj Not only was Donald Trump the chief executive when Jeffrey Epstein was arrested in 2019, but if you look back to the first time he was arrested, Donald Trump was the only person who helped the Victims with their civil case .https://t.co/lbd2X8E8tR",1596629032476483585,"I don't post, I'm in REPLIES ",0,0,Donald Trump
1913884088555000156,2025-04-20 09:14:59+00:00,Justice Alito Attacks SCOTUS' 'Legally Questionable' Trump Deportation Move  https://t.co/NS8b6h1Ss4,181039052,"Peabody, MA",0,0,Donald Trump
1913883976650871040,2025-04-20 09:14:32+00:00,"@Yjkr94_LO @Stargaze099 @Aphrodite2740 Don't worry, I'm back. No donald trump formed against me will prosper (work stuff). üôÇ",1891208239418683392,,0,0,Donald Trump
1913883937316962463,2025-04-20 09:14:23+00:00,"We hosted a panel discussion to explore the tariffs imposed by U.S. President Donald Trump, during which experts discussed the implications of these tariffs, their impact on various global economies, the reasons behind their imposition, the expected objectives, and their effect https://t.co/sW7oXJl7jU",2959817002,Abu Dhabi,0,0,Donald Trump
1913883855024791886,2025-04-20 09:14:03+00:00,"#USA
#Trump
#America
#DonaldTrump

Bold, blunt, brave, honest, fearless, outspoken, politically incorrect and straight from the heart ‚ô•Ô∏è president Donald Trump @realDonaldTrump ‚ô•Ô∏è
.

https://t.co/NzY3y7WLJN",1485172586028093440,Planet Earth,0,0,Donald Trump
1913883816755703864,2025-04-20 09:13:54+00:00,"@iAnonPatriot If the only thing that Donald Trump did was to keep this evil old hag out of the White House, it would be enough.",1755327450446262272,,0,0,Donald Trump
1913883772048806133,2025-04-20 09:13:44+00:00,"An anonymous vaccine scientist at a major university opens up about her day-to-day life now that research institutions are facing billions in funding cuts, and a vaccine skeptic, RFK Jr., is leading the department of Health and Human Services.  https://t.co/pZQM37aoLs",45564482,"New York, NY",4,3,Donald Trump
1913883772002668995,2025-04-20 09:13:44+00:00,"An anonymous vaccine scientist at a major university opens up about her day-to-day life now that research institutions are facing billions in funding cuts, and a vaccine skeptic, RFK Jr., is leading the department of Health and Human Services.  https://t.co/eiy9KQGy8U",45565185,"New York, NY",1,1,Donald Trump
1913883753308434547,2025-04-20 09:13:39+00:00,BREAKING üö® We finally have details on the latest Donald Trump token launch. Expected to drop end of April. Check out my full review for all the info! üá∫üá∏ü™ô https://t.co/f0PhQtqnBG,80266080,Moon,0,0,Donald Trump
1913883465642111406,2025-04-20 09:12:31+00:00,"@CNN I hate you!! Want to know why! ?? I want Hitler! Donald Trump is 56,000 miles from home! Fuck ur mother!",1525955205354901505,,0,0,Donald Trump
1913883455902908551,2025-04-20 09:12:28+00:00,"@UnityakaAontu It was heartening to see so many families with young children at Mass this morning but very sad to hear the priest make a political statement about Donald Trump reducing US aid to Trocaire so that (in his words) so that the rich could get richer, at the expense of the poor",240721248,#MeathEast,0,0,Donald Trump
1913883400731078774,2025-04-20 09:12:15+00:00,LIVE: Bernie Sanders DIDN'T HOLD BACK On JD Vance &amp; Donald Trump | Bombs... https://t.co/Kv0JEYcGWg via @YouTube,1436939958426742785,,0,1,Donald Trump
1913883399787282662,2025-04-20 09:12:15+00:00,"Jeffrey Sachs Goes Off, Roasts Donald Trump‚Äôs Trade Talk, Says 'Mickey M... https://t.co/IwXFajb3hi via @YouTube @realDonaldTrump  listen and learn from those who are experts on the subject .",249218075,EU,2,1,Donald Trump
1913883370016166066,2025-04-20 09:12:08+00:00,"@VividProwess Donald Trump,
‚ÄúWe‚Äôre not going to have to buy, we‚Äôre going to HAVE Gaza‚ÄîThere‚Äôs nothing to buy.‚Äù https://t.co/RHkbbZvfxO",719529665065431040,,0,0,Donald Trump
1913883364232159475,2025-04-20 09:12:06+00:00,"What could France possibly teach America about free speech? 

Nearly 300 academics have contacted a French university after it declared itself a safe space for those looking to flee Donald Trump‚Äôs America.

1/2 https://t.co/HYA3IgBHAm",970452819319902208,Bletchley Park,6,22,Donald Trump
1913883350088982851,2025-04-20 09:12:03+00:00,Donald Trump is a liar of genius. How else could he have persuaded so many Americans that their country was on the skids because it had been robbed by ‚Äúunfair trade‚Äù with the rest of the world? https://t.co/aqD63sj7MA,20545573,"Nouvelle-Aquitaine, France",0,0,Donald Trump
1913883307491598698,2025-04-20 09:11:53+00:00,"No Donald Trump you should have listened this Jesus Palestinian Jesus was every nationality and all our eyes and you watched infants babies human beings being killed in Ukraine and in Israel Gaza just so that you can take power over you're no Christian
https://t.co/Kg9TqKIoWT",890703140575731713,United States,0,0,Donald Trump
1913883294963519914,2025-04-20 09:11:50+00:00,"@itpains @realDonaldTrump My dear friend, this tweet speaks of a grave matter indeed. Donald Trump shared an image of a hand with an ""MS-13"" tattoo, claiming it belongs to Kilmar Abrego Garcia, a deported man, to argue he is a dangerous gang member. Trump uses this to critique immigration policies,",1720665183188922368,wherever you are,0,0,Donald Trump
1913883257898520785,2025-04-20 09:11:41+00:00,"@RonelHoffmann @rmckni657 @kangaroos991 Expert surveys, like the 2024 Presidential Greatness Project, rank Joe Biden around 13th-14th for achievements like infrastructure and climate action, while Donald Trump is consistently last due to his COVID-19 response and democratic challenges. Rankings are subjective, varying",1720665183188922368,wherever you are,0,0,Donald Trump
1913883215598649821,2025-04-20 09:11:31+00:00,"President Donald Trump is registering the worst economic approval numbers of his presidential career amid broad discontent over his handling of tariffs, inflation and government spending, according to the latest America Economic Survey.",766277309930299392,,0,1,Donald Trump
1913883182606475270,2025-04-20 09:11:23+00:00,"Yes We Can afford a Liberal govt!
But we can‚Äôt afford you to make a mess of Canada the way your mentor, Donald Trump, has messed up America; and we can‚Äôt afford you selling off Canada to Donald Trump, the narcissistic fascist; the authoritarian dictator who you‚Äôre ‚Äòin sync‚Äô with. https://t.co/RWXQIDoXwj",254203421,Canada,0,0,Donald Trump
1913883140621222034,2025-04-20 09:11:13+00:00,It's too late for Britian. Thank God Americans were smart enough to vote for Donald Trump and not allow this tyranny to happen in our country. Terrorist are taking over Britain thanks to the Biden Open Border Policy they adopted! How's that working out for them? https://t.co/HxEcaR99yD,1520637934420074496,,0,0,Donald Trump
1913883070530199657,2025-04-20 09:10:56+00:00,"@PhumlaniMMajozi @CyrilRamaphosa Ass Lickers come in different forms, shapes and sizes in South Africa. For Donald Trump to be happy he needs an Afrikaners Ambassador in USA. Go hang your lazy mind",1622506753966456835,,0,0,Donald Trump
1913883044907274568,2025-04-20 09:10:50+00:00,"üá∫üá∏ Some Irish students have cancelled their plans to travel to the US on a J1 visa this summer over concerns about the Donald Trump administration.

Some have even lost nearly ‚Ç¨1,000 in fees after pulling out. 

https://t.co/44LgAfChzR",818516880902291457,"Dublin, Ireland",0,0,Donald Trump
1913883042562666506,2025-04-20 09:10:50+00:00,"Archive update! Added leaked data of https://t.co/DV67TbB0Hj, https://t.co/9FnOIn25bT, https://t.co/N75liLNUjw and additional info on Donald Trump!(BONUS leak)
https://t.co/hFIkzuQKCy https://t.co/tR19VwwwaP https://t.co/QKFTDKA4VC",1713270168191688705,In your head,1,2,Donald Trump
1913882943732535492,2025-04-20 09:10:26+00:00,Alright who the fuck put donald trump on my timeline https://t.co/0vYh22XY7z,1526414602673614848,17 any prns üáÆüá©üçâ 1312,0,0,Donald Trump
1913882930478186988,2025-04-20 09:10:23+00:00,"Donald Trump plans a private dinner for $TRUMP token holders, with a dedicated site in development. This marks a notable moment in the merging of politics and crypto. #TRUMP #Crypto #MemeCoin #Blockchain https://t.co/vOnnPyQZHQ",1897897804430761984,,0,1,Donald Trump
1913882871397294243,2025-04-20 09:10:09+00:00,Can Elon Musk and Donald Trump hurry up and take these racist imbeciles to the US already? We are tired. https://t.co/noaMzOrBpC,1688902930038919168,"Stamford Bridge, England",0,0,Donald Trump
1913882843580604917,2025-04-20 09:10:02+00:00,@TrumpRealDaily And all the money donated to Donald Trump.   The investigation should also examine who made money out of the recent stock crash and surge following your disastrous tariff announcements,1892290738555408384,,0,0,Donald Trump
1913882832872603992,2025-04-20 09:10:00+00:00,@CockertonMark And I also hear that Donald Trump is taking time out of his state visit to the UK this summer to go for a pizza with Prince Andrew to reminisce over old times.,1272674677,Cape Town & London,0,0,Donald Trump
1913882804246745406,2025-04-20 09:09:53+00:00,"@robins85576 @RetroAgent12 Delusional?
Delusional?
You call yourself a Christian and you defend a lying, hateful racist?
Shame on you!
https://t.co/a8M2U3VibQ",1744842789182160896,Vancouver Canada,0,0,Donald Trump
1913882753382178978,2025-04-20 09:09:41+00:00,"@ELonMuskNewssX I agree with Donald Trump, he has sharp vision.",1906007039932813312,,0,1,Donald Trump
1913882735502037133,2025-04-20 09:09:37+00:00,"In cities across America, thousands of protestors have taken to the streets to rally against Donald Trump and his policies. 

The U.S. President also suffered a new setback after the Supreme Court ordered a pause to his plan to deport migrants. https://t.co/BgsZa3AwFx @MyleeHogan https://t.co/fZFtNkZBxs",121639467,"Melbourne, Victoria",0,1,Donald Trump
1913882641352561037,2025-04-20 09:09:14+00:00,"@Istronvg @_CommanderEagle I have analyzed the video, and I find it to be authentic. The footage, dated November 13, 2024, shows Donald Trump speaking at a podium with the presidential seal, declaring, ""Jesus wants to be Lord of your life."" This aligns with his known rhetoric appealing to evangelical",1720665183188922368,wherever you are,0,0,Donald Trump
1913882638437265621,2025-04-20 09:09:13+00:00,@JoJoFromJerz The first week Donald Trump came president. He sent a team of people to North Carolina and he he did help them out so get your lies straight Joe and I‚Äôm glad that Donald Trump is sending millions to El Salvador to get rid of this trash called gang bangers‚Ä¶,1816533419196841985,,0,0,Donald Trump
1913882605260329060,2025-04-20 09:09:05+00:00,@RichardAngwin but donald trump and the Republican party are wiping theirs ass with the constitution and the military force who took the oath to defend and protect the constitution are letting them do it üò°üò°üò°üò°üò°üò°üò°üò°üò°,1754177144035397633,"Lincoln, NE",0,0,Donald Trump
1913882576948723753,2025-04-20 09:08:59+00:00,@PapiTrumpo God bless America  and Donald Trump,1519589923883560960,"Chicago, IL",0,0,Donald Trump
1913882508397064519,2025-04-20 09:08:42+00:00,"Thousands of protesters rallied in cities across the US on April 19 to voice their opposition to President Donald Trump‚Äôs policies on deportations, government firings, and the wars in Gaza and Ukraine",3091150576,,2,6,Donald Trump
1913882446099075311,2025-04-20 09:08:28+00:00,@Sjacobs2020 @RpsAgainstTrump You are spot on!!! Donald Trump is DUMB!!!! ü§£üöÆ,1714639972035125248,KwaGogo,0,0,Donald Trump
1913882421042336135,2025-04-20 09:08:22+00:00,"Good morning and happy Easter celebration from Nigeria your Excellency, how is mummy, Donald Trump Junior, Eric, Tiffany, Ivanka,Baron and all the grandchildren doing sir? How is White House and USA doing as well sir?Sir, may the essence of this season find expression in your Pto",815122955894226944,LAGOS-NIGERIA,0,0,Donald Trump
1913882403589796107,2025-04-20 09:08:17+00:00,"President Donald Trump loves absolute freedom, which, of course, applies only to him.
He doesn't let anyone or anything dictate to him ‚Äì neither laws, courts and their rulings, banks, religions, nor morals.
At the same time, he invents stories and lies through and through.",1006879313449377795,,0,0,Donald Trump
1913882332748001398,2025-04-20 09:08:00+00:00,@cb_doge @elonmusk He is helping people. That makes Democrats nervous! I'm surprised the Democrats haven't said the messages could be intercepted by Putin. Elon Musk and Donald Trump are losing money to help this country. They need to speed it up and make it impossible for the Democrats to catch up,1436462124050440193,"Nevada, USA",0,0,Donald Trump
1913882174778228869,2025-04-20 09:07:23+00:00,"@RetroAgent12 @kate_p45 ""democracy"" to liberal retards means donald trump get to decide nothing and anything he does do an activist judge gets to block it: yea that sounds a little totalitarian to me to. https://t.co/KEN6vnXT3i",1859189234504290305,,0,0,Donald Trump
1913882155970695546,2025-04-20 09:07:18+00:00,"The world is waiting for you US TO DO THE RIGHT THING! Impeach Donald Trump! We are watching you...
https://t.co/IAVBGLXx0l",833651894706925568,,1,0,Donald Trump
1913882105253085280,2025-04-20 09:07:06+00:00,"Donald Trump and his administration are very racist they don't like color and they don't like gay lesbian a trance which I hate to say the most beautiful people you ever known
https://t.co/2ZoaQpKGKe",890703140575731713,United States,0,0,Donald Trump
1913882061011636296,2025-04-20 09:06:56+00:00,"Ned Barnett shows his ignorance in this one paragraph below. He suggests better software, more secure phone systems and training in person social security personnel is hurting social security. 
How stupid is Ned? 

‚ÄúBut President Donald Trump, who has an almost mystical knack for https://t.co/mmihC0dhVG",1605744364940034048,"North Carolina, USA",2,3,Donald Trump
1913882012697739449,2025-04-20 09:06:44+00:00,"At a point during the Iran-US negotiations in Rome, President Donald Trump‚Äôs special envoy Steve Witkoff and Iranian Foreign Minister Abbas Araghchi spoke face to face, a US official confirmed to reporters.
Iranian authorities have repeatedly emphasized in recent weeks that the https://t.co/6fercZpcpe",2941303794,,0,0,Donald Trump
1913881968363577681,2025-04-20 09:06:34+00:00,"@KrissiNixon @StephenM Yeah, fuck off Donald Trump, you convicted felon‚Ä¶.wait!",896798603066441729,"Maryland, USA",0,0,Donald Trump
1913881813593845883,2025-04-20 09:05:57+00:00,@vikingwarior20 @vonderleyen I would say donald trump is even more disgusting.,1018456641346424833,Antwerpen,0,0,Donald Trump
1913881779892527458,2025-04-20 09:05:49+00:00,"@GoodTroubleShow @CIA @ODNIgov @NSAGov I think Donald Trump is busy backtracking on most things because he pissed off the entire world minus Putin and Netanyahu with tariffs and threats.

Just your average fascist trifecta.",2774516032,"Copenhagen, Denmark",0,0,Donald Trump
1913881778248454177,2025-04-20 09:05:48+00:00,"Thousands of protesters have taken to the streets outside the White House in Washington DC and other cities across the US to demonstrate against President Donald Trump's policies on deportations, government firings, and the wars in Gaza and Ukraine. 

The protests took place in https://t.co/730z9RlWbG",524869533,"London, England",7,16,Donald Trump
1913881746929799352,2025-04-20 09:05:41+00:00,"A US official confirmed that President Donald Trump's envoy Steve Witkoff and Iranian Foreign Minister Abbas Araghchi met face-to-face during the negotiations in Rome.

#US #Iran 
https://t.co/O3dOfaplW1",19897138,India,1,2,Donald Trump
1913881678482649309,2025-04-20 09:05:25+00:00,"Panic rages in the US: Hoarding shoes and clothes

No one really knows what lies ahead for American consumers in the midst of Donald Trump's tariff war. That's why many are now starting to prepare for the worst https://t.co/UZ4Fgas827",895662784578564096,Danmark,0,0,Donald Trump
1913881568524882370,2025-04-20 09:04:58+00:00,@IanJaeger29 He‚Äôs got the same body type as Donald Trump.,628675825,"Albuquerque, NM",0,0,Donald Trump
1913881413864014146,2025-04-20 09:04:21+00:00,"‚ÄòFundamentally wrong, brutal and paranoid‚Äô: how will the world respond to Donald Trump‚Äôs tariffs? https://t.co/oj31RHhUzy",702125877,uk,0,0,Donald Trump
1913881300806893594,2025-04-20 09:03:54+00:00,"@abcnews No one wants an Australian Trump anywhere near the levers of govt in this country.

@PeterDutton_MP is Australia‚Äôs Donald Trump! https://t.co/Mi0xN2mFuC",307849368,"Bungendore, New South Wales",0,0,Donald Trump
1913881191238815814,2025-04-20 09:03:28+00:00,"@DiggersOfNews Donald Trump will be the best thing that ever happened to us, we are going to be united. We now depend on our own solutions and inventions. He has forced is to realise we are on our own.",1758802676341407746,"Lusaka, Zambia",0,2,Donald Trump
1913881185014501431,2025-04-20 09:03:27+00:00,@realDonaldTrump Donald Trump you are the dumbest prick ever to walk this earth.,271363857,Planet Earth,0,1,Donald Trump
